충전소명,급속충전가능여부,위도,경도
크리스마스,N,33.50907558,126.8995876
중문아리랑,N,33.25394619,126.4340345
서귀포농협하나로마트,Y,33.25735353,126.5814224
시온교회,N,33.29136049,126.5937309
선돌선덕사,N,33.32016515,126.5936059
삼성여자고등학교,N,33.25504717,126.584112
제주봄카페앤스테이,N,33.25026802,126.5872079
에코럭스,N,33.25248102,126.5075472
제이디피모터스남원점,Y,33.28028252,126.7131931
남원119센터,Y,33.28149406,126.7084316
제주티에스유스호스텔,N,33.34389903,126.6970302
머체왓숲길영농조합,Y,33.33052168,126.6738981
물영아리주차장,Y,33.3692339,126.6913667
휴애리,Y,33.30853467,126.6343826
예촌연수네가든,N,33.29099936,126.6342195
위미2리 다목적회관,Y,33.28311695,126.6614546
의귀교회 인근 공영주차장,Y,33.311718,126.711247
제이디피모터스의귀점,N,33.3248656,126.7052113
별빛하늘,N,33.32267144,126.7015972
수망리다목적회관,Y,33.32870746,126.7133138
더빌라스오션,N,33.30098062,126.770629
위미2리사무소,Y,33.2753894,126.6686031
위미3리사무소,Y,33.2755295,126.687898
제주목화,N,33.27578509,126.6994125
소랑호젠펜션,N,33.27580986,126.7052388
흥진자동차공업사,N,33.27494819,126.6575103
남원자동차공업사,N,33.28400278,126.7235939
감귤연구소,N,33.30155256,126.6118165
하례2리마을회,N,33.29720467,126.6088596
펜션연리,N,33.24048959,126.3859715
풀빌라더시크릿 대정점,Y,33.24628335,126.2071113
신도보건진료소(서부보건소),Y,33.27748499,126.1742628
신도2리마을회,N,33.27762235,126.1748541
두바퀴펜션,N,33.27898341,126.1794311
동일1리 마을회,N,33.22816111,126.2412435
무릉1리마을회(다목적),Y,33.27099795,126.200886
제주아로마모텔,N,33.22541594,126.2663868
실버스타,N,33.22282074,126.2569084
무릉1리마을회,N,33.2701387,126.2029889
영락리마을회,N,33.25855534,126.2109754
대정농협 하나로마트,Y,33.23404408,126.2641991
대정농공단지,Y,33.25676783,126.2278396
보성리사무소,Y,33.25116938,126.2731037
서귀포향토오일장,Y,33.26698899,126.5736531
서귀포시 중앙교회,Y,33.27306029,126.5688708
아시아CGI애니메이션센터,Y,33.2525989,126.5673616
빅타이어서귀포점,N,33.25779874,126.5723541
강정크루즈터미널,Y,33.22903918,126.4784679
㈜두레(퍼스트70호텔),N,33.24725224,126.5668471
루체클래식아파트,Y,33.23868673,126.5104442
호텔아루미,N,33.25857411,126.4139621
서귀동 공영주차장(서귀동 28-3),Y,33.2428788,126.5644784
국립기상과학원,Y,33.25881835,126.5178485
NIA글로벌센터,N,33.25347884,126.5201615
올레타이어샵,N,33.25939303,126.5519299
강정생명평화교회,Y,33.23768227,126.4955405
성산서부교회,N,33.44856674,126.9086661
제주자연생태공원주차장,Y,33.44055655,126.8220508
성산읍 노인복지회관,Y,33.44856157,126.906558
제주참숯가마찜질방,Y,33.36899883,126.8633002
제주아띠다올,Y,33.42587709,126.8512586
우리들국수,Y,33.43702104,126.9224044
성산스튜디오,N,33.44451312,126.9190852
성산썬라이즈호텔,N,33.46235059,126.9310261
썬라이즈호텔섭지코지점,N,33.43665415,126.9183054
온평리마을회(온평리사무소),Y,33.40812099,126.9001727
성산자동차공업사,Y,33.4720614,126.9022381
성산점기아오토큐,N,33.43573185,126.9092946
터닝포인트제주,N,33.37300833,126.8726128
늘예솔,N,33.36288467,126.8655403
고망난돌민박가든,N,33.35321077,126.8579144
광치기흑돼지,N,33.45003617,126.9215367
취다선리조트,Y,33.47184922,126.9127039
서귀포시 일터나눔 자활센터,Y,33.24177151,126.5294487
국민건강보험공단서귀포지사,Y,33.25496552,126.5074517
새서귀포교회,N,33.25316728,126.5068952
글래드호텔엔리조트(제주항공우주호텔),N,33.30246481,126.2945819
대평횟집,Y,33.23764966,126.362001
세븐일레븐 서귀포덕수점,Y,33.25870435,126.3041888
페를로,N,33.25673168,126.3061361
CU서귀동광로점,Y,33.31808674,126.3457925
뽀로로테마파크,Y,33.30044342,126.3708122
산방산나들목,Y,33.23033232,126.3080654
바다스케치,N,33.23493271,126.3097501
제주나르샤리조트,N,33.23389821,126.2937855
연암재,N,33.23507722,126.2962779
산방산탄산온천,Y,33.24890039,126.2987639
포도호텔,N,33.31431906,126.3928897
방주교회,Y,33.30512643,126.3877866
디아넥스호텔,N,33.3032687,126.3921116
오설록주차장,Y,33.2986963,126.2877723
제주다와풀빌라,Y,33.24238723,126.3680954
동광메밀짬뽕,Y,33.31065999,126.3497051
마마뜰카페,Y,33.3101922,126.3335672
피규어뮤지엄제주,Y,33.28190281,126.3553587
헬로키티아일랜드,Y,33.29010127,126.352082
주식회사 까사데비발디,N,33.23416082,126.2905004
서부소방서 안덕 119센터,Y,33.25120141,126.3308562
어썸,N,33.25643548,126.4025967
스놉부티크스테이,Y,33.23327758,126.3695814
월드컵흑돼지,N,33.24304042,126.5051366
월평마을회관(다목적건물),Y,33.24611993,126.4607818
뜨레피아,N,33.24949532,126.4590527
휴식호텔중문,N,33.23887253,126.4304107
올레요리조트,N,33.2347494,126.4926906
정혜재활원,Y,33.28467665,126.5814767
코델리아S호텔,Y,33.45492608,126.9102771
삼화석유 에이스주유소,Y,33.25509055,126.5724446
삼화석유 법환주유소,Y,33.24790307,126.5127149
중문관광단지충전소,Y,33.2630671,126.3979668
황토기와집,N,33.26393747,126.3952433
중문미로파크,N,33.26339597,126.3819347
씨에스호텔앤리조트,N,33.24291556,126.4202942
중문썬라이즈,N,33.24756813,126.4304831
류차이,Y,33.2496401,126.4316758
서귀포개인택시조합,Y,33.26947007,126.5929608
서귀포샘물교회,N,33.26467227,126.5639063
기아오토큐중부점,Y,33.26254592,126.5364078
플레이롤러,Y,33.26189801,126.5252712
더풍성한교회,N,33.26461032,126.5688951
삼화석유 서귀주유소,Y,33.24834563,126.5690994
허니문하우스,Y,33.24416306,126.5788672
서귀포KAL호텔,Y,33.24432465,126.5807935
제주브릭스,N,33.2446192,126.5357771
서귀포흑돼지명가,N,33.2440732,126.5363637
흑돈향,N,33.24472089,126.5292484
제이이피,Y,33.24279318,126.5354777
서귀포시 교통행정과(공영버스 차고지),Y,33.284661,126.5886735
선지왓숯불갈비,N,33.26270495,126.5920777
가나안교회,N,33.41538276,126.7710125
블랙랜드레이스,N,33.30625516,126.7943242
옛정의골식당,N,33.3890374,126.804684
성읍녹차마을 영농조합법인,Y,33.3810755,126.7899612
가시리은하수가든,N,33.36060083,126.7673354
가시리교회,N,33.35117806,126.7717523
표선2차반석타운아파트,Y,33.32114751,126.8282521
표선 공영주차장(표선면사무소 옆),Y,33.32648969,126.8315711
표선 공영주차장(표선면사무소 옆),Y,33.32648969,126.8315711
세계술박물관,N,33.35396955,126.8175945
하원마을회,N,33.25672816,126.461133
꿈의교회,N,33.26286451,126.6069048
뜨레모아5차아파트,N,33.47490379,126.4816388
국제대학교,Y,33.4427728,126.5698313
이도 주원라비앙,Y,33.49908104,126.536283
목마,N,33.52308351,126.5595869
노형부영3차아파트,N,33.47728075,126.4860572
뜨레모아7차,N,33.47936175,126.4689769
이도교회,N,33.4905903,126.5349639
김녕119지역센터,Y,33.55417798,126.7626784
지엔에프주식회사,N,33.55643116,126.7548629
제주어른이집,Y,33.552491,126.744095
김녕성당,N,33.55382591,126.7487452
제주담,Y,33.45124681,126.7679756
놀놀,N,33.49457256,126.8068664
구좌119센터,Y,33.52030729,126.8600917
샤이니,N,33.47068245,126.7842803
뉴스보이버거펍제주,N,33.55436907,126.7906412
제주스테이상상,N,33.55493996,126.7956062
밭담공원,Y,33.5634668,126.7780584
CU김녕교차로점,Y,33.55120476,126.7437953
용암해수산업화지원센터2호관,Y,33.54135778,126.8159486
삼화석유 한동주유소,Y,33.54092659,126.8219573
동녘도서관,Y,33.52044879,126.8545673
대한예수교장로회송당교회,Y,33.47158825,126.7805041
비어라운드,N,33.51166074,126.8903284
비젠빌리지,N,33.51166074,126.8903284
종가전복,N,33.53133106,126.8500018
엠제이리조트,N,33.52920362,126.8800922
이야기별방,N,33.50981991,126.9013347
구좌농공단지(제주이야기),Y,33.55303299,126.8168542
금악리새마을회,Y,33.35872051,126.296376
한국교통방송제주본부,Y,33.47838415,126.5500097
제주갤럭시호텔,Y,33.50315896,126.5125636
신라스테이제주,N,33.4854983,126.4909667
메종글래드제주,N,33.48506193,126.4883396
삼화석유 만남의광장주유소,Y,33.46752172,126.4572461
도로교통공단제주지부,Y,33.47517101,126.4647508
무수천주유소,Y,33.46324992,126.4519071
내도매일조아라아파트,N,33.48545869,126.4455913
시민복지타운 공영무료주차장,Y,33.4888744,126.5238013
제주전기렌트카 공항 인근주차장,Y,33.5019037,126.4784159
한라병원,Y,33.49026618,126.4849217
롯데시티호텔,N,33.49067307,126.4865075
이호리조트,N,33.49935645,126.4633537
다온빌,N,33.4782612,126.4498201
제이디피모터스봉개점,Y,33.48492039,126.604351
골체오름쉼터,Y,33.45463511,126.7059518
유드림마트,Y,33.49196726,126.5131902
소방교육대,N,33.44705344,126.5584959
삼성혈,Y,33.50425459,126.5291654
삼화석유 늘푸른자동차충전소,Y,33.50062225,126.5112821
세기자동차공업사,N,33.50046379,126.5040771
김경희부동산,N,33.49952003,126.5052576
비전교회,N,33.50748995,126.5208178
미라클호텔,Y,33.50941507,126.4812523
베니스타워,Y,33.50959116,126.4819658
신흥노을바다펜션,Y,33.51166348,126.4842395
그림리조트,N,33.51618514,126.5034837
대어,N,33.51612942,126.5030793
한국자동차공업사,N,33.5155154,126.564133
쌍용자동차제주정비사업소,N,33.5155154,126.564133
태산봉,Y,33.51164498,126.5303653
노형뜨란채아파트,Y,33.48711549,126.473212
노형 e-편한세상아파트,Y,33.48521143,126.4698536
정원파인즈16차,N,33.48621646,126.5438835
제주연구원,Y,33.46770901,126.5145823
온난화대응농업연구소,N,33.46728216,126.5170202
하버빌,N,33.47536266,126.5278887
코즈게스트하우스,Y,33.30428986,126.3385513
레몬트리,N,33.48393093,126.3949929
스마일공업사,N,33.46517493,126.3447456
애월포세이돈,Y,33.46910205,126.3488168
고성2리 경로당,Y,33.43562695,126.4252445
제주전기렌트카 광령주차장,Y,33.463862,126.434255
광령자동차공업사,N,33.44419372,126.4342218
광명식당,N,33.46109021,126.4391203
납읍리보건소(남읍리사무소),Y,33.43872717,126.3301257
제주전파관리소,Y,33.40477911,126.372641
고스트하우스,N,33.4758658,126.3567705
파란노을제주애월,N,33.46217525,126.3122701
씨앤힐스파펜션,N,33.47296549,126.3524586
빌라드애월,N,33.47767128,126.3600019
부면동정류장 뒤 마을시설,Y,33.41639508,126.3325249
애월리에,N,33.4737533,126.3781303
제주시간여행휴양펜션,N,33.47200511,126.3761547
유수암주유소,Y,33.42734021,126.4107962
폴라리스,N,33.43811418,126.4081252
제이디피모터스애월점,N,33.46059657,126.3163442
덕우자동차공업사,N,33.46146073,126.3353249
풀빌라더시크릿 애월점,Y,33.46262916,126.3393692
대박이네마트,Y,33.48340343,126.4029714
제주소년원,Y,33.4097399,126.3852907
제일빌리지,N,33.46227081,126.4450204
중엄리복지회관(새마을회),Y,33.47270481,126.3725952
도치돌,Y,33.41976582,126.3397112
어사촌도야지,N,33.41974997,126.3387652
경진자동차공업사,N,33.44495845,126.432681
더럭초등학교 주차장,Y,33.4527818,126.3429798
남건휴먼스파스텔빌리지,N,33.46620676,126.4193457
제주교회,N,33.48015805,126.3956001
하귀휴먼시아1단지아파트,Y,33.48373878,126.4165948
바이더힐,N,33.44434218,126.403566
민오름태흥누리안빌,N,33.48004958,126.5098828
아라행복주택,N,33.49020641,126.5452184
태평양금호,N,33.49211313,126.5478856
워시존연북로점,Y,33.49539912,126.5530166
다몰2차연립주택,N,33.48416922,126.5120029
에코그린빌9차,N,33.49420331,126.5059249
그린스페이스휴,N,33.50469026,126.5533261
연동대림2차아파트,Y,33.47975083,126.4877296
영평하동 마을회관,Y,33.48630885,126.5738943
노형리츠하임 테라스파크,N,33.4876236,126.4588939
대한적십자 제주혈액원,Y,33.4911869,126.5202318
노형4차아뜨리에,N,33.48557954,126.4623799
제주장애인스포츠센터,Y,33.4866855,126.4347951
제주시외도일동공영주차장,Y,33.4857164,126.4265257
용담평화베스트빌1차,N,33.50831349,126.515587
우도면 조일리사무소,Y,33.50981036,126.9628939
대원상록수10차아파트,Y,33.48903328,126.4314168
성일교회,N,33.48456385,126.4272498
외도부영1차아파트,Y,33.48761522,126.4336125
노형휴스토리,N,33.47848405,126.4619718
부웅크리스탈빌3차,N,33.48368641,126.530796
한국중부발전 제주화력본부사택,Y,33.52714324,126.5919256
그루터기,Y,33.53301956,126.6001401
투썸플레이스 제주노형DT점,Y,33.49130981,126.4740905
중앙로상점가(국민은행서측),Y,33.5106719,126.5212534
모로왓제2공영주차장,Y,33.51129125,126.543795
기아오토큐 화북대리점,Y,33.51185501,126.5490401
CU제주대박점,Y,33.48340343,126.4029714
제주교도소 민원인 주차장,Y,33.46278791,126.514997
CU조천사거리점,Y,33.53766806,126.6400787
램하우스,N,33.43692114,126.6731393
자연과사람들,Y,33.46047477,126.6610809
와흘을그리다,Y,33.46269452,126.6604226
서프라이즈테마파크(농업회사법인 우주),Y,33.46518789,126.6595953
에코촌 유스호스텔,Y,33.51690884,126.703722
제주미니랜드,N,33.43425343,126.6749129
다희연(농업회사법인경덕),Y,33.48690575,126.7061311
거문오름꿈의숲,N,33.48630118,126.7021477
포레스트사파리,Y,33.46306444,126.7094861
선래왓절,Y,33.4581901,126.7086074
조천리 새마을회,Y,33.53698658,126.63888
조천코아루,Y,33.51720331,126.6223818
눈뫼가름협동조합,N,33.48497761,126.6776373
농업회사법인주식회사블랙푸드,N,33.48496065,126.6995958
제주레포츠랜드,N,33.48232418,126.6387282
제이디피모터스함덕점,N,33.53651541,126.6570896
조천도서관,Y,33.53770537,126.6676186
조천도서관,Y,33.53770537,126.6676186
청우가든,N,33.53074511,126.6259057
빅타이어조천점,N,33.53528271,126.6432839
조천라오체,N,33.52968177,126.6369941
푸른열매작은도서관,Y,33.5345568,126.6318406
사랑샘교회,N,33.52773841,126.6310514
함덕순복음교회,N,33.54087204,126.6584419
함덕카페H,N,33.52626322,126.6599676
함덕드라마빌리지,N,33.53796949,126.6692842
함덕광명샤인빌,Y,33.53801877,126.6770228
귤빛체험농원,N,33.50392641,126.6738046
달스테이,Y,33.45689467,126.4078127
한솜카페,Y,33.47568654,126.4773866
뜨레모아3차,N,33.47475841,126.4787908
민형파인즈,N,33.47430614,126.4810183
농업회사법인제우스,Y,33.45701393,126.5717487
엠제이벤처오름,N,33.4545623,126.5719587
제주산학융합원,Y,33.447486,126.567553
외도119센터,Y,33.48663399,126.4375053
하귀문화의 집,Y,33.48003276,126.4039843
에피소드,N,33.30577808,126.1880922
청수마을회관,Y,33.31808934,126.2475142
한원리노인복지관(한원리사무소),Y,33.33851758,126.1959777
몽땅,N,33.30584382,126.2580132
성김대건신부제주표착기념관,N,33.32286381,126.1677309
금단영,N,33.36192203,126.1936223
저지리사무소,Y,33.33269856,126.255848
상명EV충전소,Y,33.3376421,126.2313954
저지신토불이식당,N,33.34247458,126.2556961
아파트먼트커피,N,33.31137783,126.2445437
엠닷에이,N,33.36494435,126.1992246
그리스박물관,Y,33.34808488,126.3575227
귀덕편의점,N,33.4378241,126.2802959
허브인휴양펜션,N,33.4356419,126.2902458
오로라정원,Y,33.35941042,126.2485555
한림금능농공단지 내 제주맥주,Y,33.35850024,126.2412145
한국중부발전 상명풍력발전소,Y,33.339953,126.2919639
명월국민학교,N,33.38890351,126.2648488
수원리새마을회,N,33.42747125,126.2705839
제주프랜,N,33.40194338,126.267164
아일랜드힐,Y,33.34711291,126.2796338
제주담스파빌,N,33.38567338,126.2253178
앤트러사이트(동아물산),Y,33.40789487,126.2582303
돈내코순두부한림점,Y,33.40970367,126.2824888
성아자동차공업사,N,33.42206493,126.2754372
금악주유소,Y,33.35329748,126.2984609
화북동 공영주차장(화북일동 11-7),Y,33.5198132,126.5712817
동화초등학교 맞은편 공영주차장,Y,33.5179212,126.5745354
중문동주민센터,Y,33.25333129,126.4336393
중문메리디안,N,33.25397374,126.435335
WE호텔(한라의료재단),N,33.28616473,126.4440336
중문제일행복한 홈스쿨지역아동센터,N,33.254145,126.4332519
모이라펜션,N,33.27908388,126.5871454
빅토르투자개발,N,33.2793461,126.5814377
꿈꾸는 노마드,N,33.24169811,126.4995561
비전지역아동센터,N,33.26234316,126.5008946
뉴월드 골프타운,N,33.26251197,126.5069543
명성레져개발,N,33.25778008,126.4943432
에띠에호스텔,N,33.2352943,126.4941424
강정보건지소,Y,33.23759944,126.4772283
호텔 빠레브 주식회사,N,33.2523353,126.5066913
풍경호스텔,N,33.24237001,126.5528623
주식회사 선샤인,N,33.2434345,126.553327
풍경호텔,N,33.24484246,126.553412
천지연폭포 주차장,N,33.2447447,126.5596704
천지연폭포 주차장,Y,33.2447447,126.5596704
삼매봉도서관,N,33.2443256,126.552097
삼매봉도서관,Y,33.2443256,126.552097
대발이파크,Y,33.27434685,126.7042434
뜨리바다펜션,N,33.27181944,126.7000486
남원읍 공영주차장,Y,33.2788184,126.7214486
남원1리마을회,N,33.27781885,126.7161553
남원하나로마트,Y,33.28429396,126.7215534
지중해리조트,N,33.2829039,126.7467717
한남리마을회,N,33.31185074,126.6951653
태흥3리마을회,N,33.29359307,126.7584735
백통신원 기린산장,N,33.32268217,126.639049
동국개발(스프링데일C.C),N,33.3295216,126.6384879
수망관광휴양펜션,N,33.33650161,126.6983019
남원의례회관 주차장,Y,33.2948173,126.7114506
(재)테크노파크 생물종다양성연구소,Y,33.31464154,126.634748
(재)테크노파크 생물종다양성연구소,Y,33.31464154,126.634748
제주공천포전지훈련센터,Y,33.27680559,126.6409081
신례1리마을회,N,33.28812221,126.6272191
신례1리마을회,N,33.28812221,126.6272191
신흥1리 새마을회,N,33.304171,126.7669485
해비치호텔앤드리조트,N,33.36231061,126.7218983
위미1리마을회,N,33.2737995,126.6571928
은빌레펜션,N,33.3117075,126.716797
펜션정원,N,33.30642033,126.7751676
해든빌레펜션,N,33.29197517,126.6616823
신흥2리마을회,N,33.3211735,126.7456046
위미의례회관,Y,33.28980033,126.6576884
금앤옥통나무펜션,N,33.2830034,126.6293628
서귀포농업기술센터,N,33.28833481,126.6072502
서귀포농업기술센터,Y,33.28833481,126.6072502
태흥2리마을회,N,33.2877337,126.7451648
위미농협,Y,33.2745832,126.6608179
느영나영초가집,N,33.2751564,126.6989381
금호리조트,N,33.27365445,126.7027559
동부보건소,N,33.27562882,126.7034172
동부보건소,Y,33.27562882,126.7034172
남원생활체육관,Y,33.27810723,126.705244
남원생활체육관,Y,33.27810723,126.705244
호텔이디,N,33.27921714,126.7204703
남원읍사무소,Y,33.27989564,126.7206785
태흥1리마을회,N,33.2834217,126.733118
마더카페,N,33.28130762,126.7415575
CU 서귀태흥점,Y,33.2929303,126.7575155
대한예수교장로회태흥교회,N,33.290735,126.7446837
하례1리마을회,N,33.2691981,126.6253505
의귀리마을회,N,33.31033951,126.7133052
농업회사법인가뫼불,N,33.2899733,126.693455
가파도 마을회관,N,33.1664333,126.2735293
상남아크로타워,Y,33.28070729,126.2782605
세인트존스베리아카데미 제주(St. Johnsbury Academy Jeju),N,33.2852936,126.2843115
제이라움,N,33.2564363,126.1904548
신도1리마을회,N,33.278433,126.1917502
대정문화체육센터,Y,33.26392712,126.2355124
제이앤클로이,N,33.25726656,126.1889147
송악산 공영주차장,Y,33.2059597,126.2867586
상모1리마을회,N,33.22637183,126.2694199
서림교회,N,33.24622627,126.2255605
무릉문화의집,N,33.2734542,126.1989574
무릉문화의집,Y,33.2734542,126.1989574
마라도 가는 여객선,Y,33.20739732,126.2905823
서귀포시서부종합사회복지관,Y,33.22390252,126.2478797
대한예수교장로회모슬포제일교회,N,33.22125293,126.2498633
영어교육도신 한신더휴아파트,N,33.28691522,126.2803435
삼정지에듀아파트,N,33.28408845,126.2742565
제주 곶자왈 도립공원입구,Y,33.28322252,126.2735723
영어교육도시119센터,Y,33.27896208,126.2733586
대정 영어교육도시,N,33.28794082,126.2818294
대정 영어교육도시,Y,33.28794082,126.2818294
가온누리,N,33.22781273,126.2534033
대정119센터,N,33.23251532,126.240854
희준카센타,Y,33.24693381,126.2221662
무릉2리마을회,N,33.27484586,126.235267
구억리마을회,N,33.2728481,126.2791538
신평리마을회,N,33.2653436,126.2591074
하모1리 마을회,N,33.21596122,126.2575365
서부보건소,Y,33.21867302,126.2532449
안성리마을회,N,33.2501849,126.2818826
제주추사관,Y,33.2499613,126.2789466
제주추사관,Y,33.2499613,126.2789466
제주추사관,N,33.2499613,126.2789466
하모2리주차장,Y,33.2238582,126.2504231
대정감협 인근 공영주차장,Y,33.2230292,126.2520661
대정읍사무소,N,33.22682775,126.2521329
인성리 사무실,N,33.24780035,126.2804411
송악리조트렌트,N,33.21232307,126.2916634
서귀포강정LH아파트,N,33.25326054,126.5022416
서귀포자연휴양림,N,33.31150025,126.4587607
뷰티플리조트,N,33.24314699,126.4465551
하이랜드,N,33.24256551,126.4455587
파밀리아 호텔,N,33.240958,126.4380067
에리두,N,33.24175167,126.4346153
대천동주민센터,N,33.2507866,126.477585
대천동주민센터,Y,33.2507866,126.477585
돈내코유원지 주차장,Y,33.30024253,126.5847998
돈내코힐리조트,N,33.30276818,126.5786673
제주권역재활병원,Y,33.25288112,126.5624668
정방동문화의집,Y,33.2465421,126.5702672
홍로공영주차장,Y,33.2663197,126.5671727
한빛 분향소,N,33.2663197,126.5671727
대한예수교장로회 서귀포교회,N,33.2663197,126.5671727
성지,N,33.25542766,126.5750443
동홍동주민센터,N,33.2578824,126.5689267
동홍동주민센터,Y,33.2578824,126.5689267
서귀포중앙 골프연습장,N,33.27442085,126.5639609
서귀포시민회관,Y,33.25169148,126.5667351
녹지제주헬스케어타운 유한회사,N,33.2612364,126.5668704
서귀포테니스장,Y,33.25759736,126.5642119
코리아마트,Y,33.2523774,126.570198
코리아마트,Y,33.2523774,126.570198
퐁낭작은도서관 앞 공영주차장(비석거리),Y,33.25544697,126.5722626
서귀포 자기주도학습지원센터,Y,33.25129639,126.5703212
막동주차장,N,33.2558886,126.5209467
강정포구횟집,N,33.2288117,126.4758302
더베이리조트,N,33.24120025,126.5934867
(주)이레,N,33.40269826,126.7786436
한국전력 제주본주 서귀포지사,Y,33.2541046,126.5107961
월드컵경기장 인근 공영주차장,Y,33.2481172,126.5110332
귤낭하우스,N,33.243023,126.5218882
오랑제리펜션,N,33.24471457,126.5144709
장안그랜드빌리지자치회,N,33.24160151,126.5970986
밀레니엄빌,N,33.2452066,126.5900386
보목하수처리장,Y,33.243313,126.5914917
자치경찰단서귀포지역대청사,N,33.24495461,126.5657339
자치경찰단서귀포지역대청사,Y,33.24495461,126.5657339
해담은,N,33.2394792,126.3032638
제주아이브,N,33.28877784,126.4960969
치유의숲,N,33.29193935,126.5279042
누가빌리지 주식회사,N,33.29628579,126.5729395
㈜상효원,Y,33.3072182,126.5860938
색달쓰레기매립장,N,33.30720877,126.417335
색달쓰레기매립장,Y,33.30720877,126.417335
모던플레이스,N,33.2679552,126.394765
㈜레이크힐스리조트제주,N,33.2674383,126.376896
중문예촌펜션,N,33.2680297,126.3938756
대유랜드,Y,33.27897873,126.3942294
영농조합법인 서귀포 한라,N,33.30018851,126.5990713
제스코마트 서귀포점,Y,33.26291899,126.595773
오아시스휴양펜션,N,33.26663774,126.5992505
중문관광단지,Y,33.2814107,126.4111118
중문리조트,N,33.262578,126.4156439
호텔더본제주,N,33.2595341,126.4064992
중앙공영주차장,Y,33.2499207,126.5599672
중앙공영주차장,Y,33.2499207,126.5599672
천지공영주차장,Y,33.2515976,126.5594295
아랑조을거리 공영주차장,Y,33.2477823,126.5603076
정방동공영주차장,Y,33.247828,126.5631604
서귀포성당 뒤 주차장(솔동산로근처),Y,33.24142252,126.5643308
파인힐호텔,N,33.24142252,126.5643308
평생학습관 주차장,N,33.2493458,126.5585443
대륜동문화복지센터,Y,33.25017414,126.5133719
서귀포 해양경비안전서,Y,33.25131569,126.5138549
서귀포소방서,Y,33.24956387,126.5140964
서귀포혁신도시공영주차장(국토교통부인재개발원 앞),Y,33.2612345,126.5426136
샤뜰레펜션,N,33.24842323,126.5288379
휴마루 호스텔 카페,N,33.24387704,126.5547345
CU 서귀외돌개점,Y,33.2438918,126.5547833
동홍119센터,N,33.44986449,126.9181682
걸매축구장,Y,33.24919583,126.5545758
성산하수처리장,Y,33.45171152,126.9189457
플레이스,N,33.44986449,126.9181682
성산읍 공영주차장,Y,33.44800589,126.9162598
튤립제주에이엠씨,N,33.44268423,126.9184417
제주티라,N,33.44180806,126.9187393
호텔마레,N,33.4719124,126.9331057
성산포 성당,N,33.45432278,126.9139175
성산보건지소,N,33.44655575,126.9157493
디아일랜드마리나호텔,N,33.45210524,126.9145264
휴리조트,N,33.42096574,126.8940423
더썸하우스,N,33.4433216,126.9065691
키아오라 펜션,N,33.43430761,126.9048957
난산리마을회,N,33.4011831,126.8707916
난산리 다목적회관,Y,33.4010138,126.8710112
제주황금다래영농조합법인,N,33.37276945,126.8271707
김영갑갤러리,Y,33.37197822,126.8541795
지에스25(GS25)수산삼거리점,N,33.44359874,126.888659
블루핸즈(성산점),N,33.44601148,126.9061263
KT성산포지점,Y,33.44681266,126.9117869
모구리야영장,Y,33.40585335,126.8207369
주식회사 어라운드폴리,N,33.41579935,126.8359274
고투베드,N,33.42732061,126.855097
GS성산아로하점,N,33.466498,126.9310406
브리즈베이호텔,N,33.46659527,126.9308464
성산포 공영주차장(야외),Y,33.47751596,126.9091349
청솔나무집,N,33.46241261,126.9323126
성산리사무소,N,33.4636138,126.9340253
수산1리 복지회관,Y,33.445846,126.8829301
아띠랑스,N,33.46896299,126.9218897
해비치안,N,33.43787139,126.9156975
신풍지역아동센터,N,33.3616733,126.8344359
신풍리마을회,N,33.36262747,126.8402305
GS25성산오조점,Y,33.2722806,126.6101729
나무향가득펜션,N,33.40154301,126.9004511
성산아쿠아비치호텔,N,33.4483373,126.9119979
성산읍사무소,Y,33.44210928,126.9109786
성산읍사무소,Y,33.44210928,126.9109786
신산 청소년 문화의 집,Y,33.38126469,126.8772908
메모리아리조트,N,33.37412972,126.8723834
잠도둑 게스트하우스,Y,33.3588533,126.8643775
동부골프연습장,N,33.46237584,126.9039079
동부소방서,N,33.460229,126.9096477
동부소방서,Y,33.460229,126.9096477
동부소방서,Y,33.460229,126.9096477
동부종합사회복지관,Y,33.44668383,126.9132024
성산일출봉 공영주차장,Y,33.46260176,126.9353331
성산일출봉 공영주차장,Y,33.46260176,126.9353331
일출랜드,Y,33.38194607,126.8419921
블루마운틴커피랜드,N,33.38007907,126.8373056
신풍리 사무소,N,33.36120026,126.8354996
여유펜션매점,N,33.46649242,126.910958
성산핫플게스트하우스,N,33.4660255,126.932863
더클라우드풀앤스파,N,33.46911849,126.9351432
더클라우드풀앤스파,N,33.46911849,126.9351432
썬레이크빌제주휴양펜션,N,33.467502,126.9133838
게스트하우스에버,N,33.46830591,126.9153281
주식회사 아름다운리조트,N,33.47518323,126.9099937
주식회사 아름다운리조트,N,33.47518323,126.9099937
봄그리고가을리조트,Y,33.47414532,126.9110984
더포그레이스리조트,Y,33.4734237,126.9105636
온더스톤,N,33.47025508,126.9178478
혼인지,Y,33.414842,126.8940798
갯그시,N,33.39894965,126.9046505
세븐일레븐 온평,Y,33.41319489,126.9090256
중문랜드,Y,33.26367728,126.3855732
중문훼미리콘도미니엄,N,33.2659029,126.3836383
송산동주민센터,N,33.2450378,126.5660083
동원리조트,N,33.240833,126.5625869
쇠소깍 공영주차장,Y,33.2542498,126.6224923
현대1차 연립주택,N,33.24943215,126.511775
강정코아루아파트 2단지,N,33.25837278,126.504505
강정코아루아파트 1단지,N,33.25977059,126.5050294
강정코아루아파트 3단지,N,33.25884787,126.5051676
감사위원회,N,33.25602698,126.5095663
서귀포시청2청사,Y,33.25557995,126.510526
나우씨앤씨,N,33.26024359,126.609518
도라미펜션,N,33.26024359,126.609518
안덕계곡 주차장,Y,33.2576211,126.3532545
감산리마을회,N,33.2594855,126.353888
㈜씨제이대한통운 클럽나인브릿지,N,33.34202079,126.4057082
메밀가공시설,Y,33.3280672,126.379672
캐슬렉스 제주,N,33.34021696,126.348768
라림부띠끄호텔,N,33.23682499,126.3629425
동광리마을회,N,33.30760418,126.3399474
토이파크,Y,33.31896085,126.345365
서귀포시산림조합,N,33.31164533,126.3471034
동광 R 주차장,Y,33.3109558,126.3416458
서커스월드공연장,Y,33.31438502,126.3448193
카멜리아힐,N,33.29004435,126.368349
외가집아귀찜,N,33.2788553,126.361637
상천리마을회,N,33.2496801,126.3371482
알랑가하우스,N,33.2288607,126.3065651
젠,N,33.2292312,126.3085157
오션하우스,N,33.2348125,126.3101845
제주해안휴양펜션,N,33.22751382,126.2993595
용머리해안(주차장),Y,33.23367942,126.3113692
로하스펜션,N,33.23675973,126.297891
바람불어 좋은날,N,33.23714193,126.297875
미르빌,N,33.24622365,126.3063479
신화역사공원 직원 기숙사,N,33.23367942,126.3113692
산방산 주차장,Y,33.2359439,126.3119793
세븐일레븐 산방산로드,Y,33.2376527,126.3070167
제주아리랑,N,33.2496347,126.3052479
J두빛나래리조트,N,33.23698809,126.299374
유한회사 루시드엠,N,33.23689654,126.300409
사계리마을회,N,33.2310852,126.298095
에스케이핀크스 주식회사,N,33.31431906,126.3928897
신화역사공원 조성사업,Y,33.2991069,126.3108907
제주신화월드호텔앤리조트,Y,33.30497395,126.3163542
신화빌라스(서머셋 리조트),Y,33.30275207,126.3176084
신화 테마파크,N,33.3065373,126.3075544
건강과 성박물관,Y,33.25484822,126.3465819
서귀포시 축협,N,33.29093976,126.3180396
세계자동차제주박물관,N,33.28294084,126.349009
봉you,N,33.28684416,126.328214
소인국테마파크,Y,33.29011662,126.3224948
GS25 서광점,Y,33.28923399,126.3220078
춘심이네,N,33.26447846,126.3705871
㈜백상,N,33.2762284,126.3050801
쉴띠하우스,N,33.27246273,126.3654874
(의)새소망의료재단,N,33.27786233,126.3621079
테디밸리골프앤리조트,N,33.292611,126.3485636
안덕면 종합복지회관,Y,33.2458455,126.3330899
안덕면 종합복지회관,Y,33.2458455,126.3330899
안덕농협하나로마트,Y,33.24671442,126.3334399
청소년 문화의 집,Y,33.24963365,126.3371369
안덕우체국 뒤 주차장,Y,33.2462682,126.3353527
안덕산방도서관,N,33.2550127,126.3306509
안덕생활체육관,Y,33.25609299,126.3284065
안덕면사무소,N,33.2575319,126.330623
안덕면사무소,Y,33.2575319,126.330623
안덕보건지소,N,33.2505519,126.3314017
한국남부발전㈜ 남제주발전본부,N,33.23682107,126.3407335
영실매표소,Y,33.34010219,126.4805139
예래5동마을회,N,33.2365993,126.3732918
예래동주민센터,N,33.2542814,126.3978682
예래동주민센터,Y,33.2542814,126.3978682
상예1동마을회,N,33.2487318,126.3904119
㈜소프트라인 제주지점,N,33.23410163,126.3699316
색달하수처리장,N,33.24239704,126.3962072
월드컵경기장,Y,33.24621974,126.5092777
월드컵경기장,Y,33.24621974,126.5092777
폴에이리조트,N,33.24462564,126.5120206
GS25 대포점,Y,33.23916549,126.436134
자광원,Y,33.24751935,126.4484676
아프리카박물관,N,33.23970787,126.4293238
켄싱턴리조트 서귀포점,N,33.23367775,126.4890087
조은리조트,N,33.23593688,126.4920943
마린포트,N,33.23547578,126.4948236
레지나펜션,N,33.23696609,126.4994886
레지나,N,33.23663311,126.5000913
주식회사 파미유,N,33.23499258,126.5028988
모루티,N,33.24140455,126.5183776
서귀포시장애인종합사회복지관,Y,33.2869372,126.5845835
효돈119센터,N,33.260795,126.6077599
한우명품관,Y,33.25714979,126.5884548
롯데하이마트 서귀포점,Y,33.2539126,126.5660372
현대오일뱅크 선반내주유소,Y,33.25302362,126.5508464
서귀포 귤림성,N,33.25029409,126.5362708
대륜동주민센터,N,33.2481892,126.5111853
대륜동주민센터,Y,33.2481892,126.5111853
이마트서귀포점,N,33.24833973,126.5091156
이마트서귀포점,Y,33.24833973,126.5091156
제주조각공원,N,33.25413034,126.3222876
맥도날드월드컵점,N,33.24938228,126.5073585
서귀포의료원,Y,33.25598081,126.5629493
대한예수교장로회서귀포제일교회,N,33.2520997,126.5771682
제일요양원,N,33.25229231,126.5778452
상예2마을회,N,33.26571898,126.3769642
㈜부영주택 제주부영호텔 리조트,N,33.242548,126.4232494
중문컨벤션센터,Y,33.24129026,126.4244423
제주국제평화센터,Y,33.24518881,126.4213178
중문스테이,N,33.24591178,126.4294852
박물관은살아있다,N,33.2549224,126.4097714
하얏트리젠시제주호텔,N,33.24461513,126.4059648
롯데호텔,Y,33.2485349,126.4103936
롯데호텔,Y,33.2485349,126.4103936
켄싱턴제주호텔,N,33.25001831,126.4061042
신라호텔,Y,33.2467885,126.4071948
자청비 농수산물,N,33.2626185,126.4266678
제주에코 스위츠,N,33.26540041,126.4277358
GS25 중문사거리점,Y,33.25821268,126.4269498
JJP골프클럽,N,33.25993928,126.429892
봉봉감귤체험농장,N,33.2816094,126.6298188
동홍주공5단지,Y,33.26534604,126.5606488
서귀산방,N,33.25584286,126.4977713
농업기술원,N,33.26145702,126.4886383
농업기술원,Y,33.26145702,126.4886383
㈜제이하우스,N,33.26080549,126.485444
CU 제주중문자청비점,Y,33.2626185,126.4266678
제이뷰호텔,N,33.26474944,126.4164838
강창학경기장,Y,33.259873,126.501791
서귀포시청 1청사,Y,33.25391331,126.5596072
서귀포시청 1청사,Y,33.25391331,126.5596072
서홍동주민센터,N,33.25570748,126.5600961
홈플러스,Y,33.2604879,126.5599348
베네치아호텔,N,33.24678985,126.5614842
서귀포보건소,N,33.2534258,126.5553625
서귀포보건소,Y,33.25347982,126.5553555
서귀복자성당,N,33.26036291,126.5609528
서귀포시 매일시장 공영주차장,Y,33.2501708,126.5632316
이아호텔,N,33.24735884,126.5602238
천지동주민센터,N,33.2477954,126.5611789
남쪽나라빌,N,33.2541121,126.4197995
(구)중문보건지소,N,33.2535153,126.4207994
중문덤장,Y,33.25771004,126.4081857
중문보건지소,N,33.25158132,126.4350456
피노호텔,N,33.2413937,126.5633095
더 블루 제주 라스지오르,N,33.2419986,126.6016934
하효마을다목적회관,Y,33.25797906,126.617765
호텔화인,N,33.24050531,126.5650306
정방폭포(주차장),Y,33.24474912,126.5730486
서귀포수협수산물직매장,N,33.2395684,126.5642198
해운항만과사무실,Y,33.23957559,126.5642198
펠리체 리조트,N,33.24442153,126.534997
서귀포예술의전당,Y,33.24633333,126.5507905
서귀포예술의전당,Y,33.24633333,126.5507905
오렌지호스텔,N,33.24718996,126.5573531
칠십리호텔,N,33.24719297,126.5612547
정방동주민센터,N,33.2458588,126.5651028
서귀포시노인복지회관,N,33.25398814,126.5706943
기아오토큐 신안자동차,Y,33.2917993,126.5824905
번개과학관,N,33.28951947,126.5888268
번개과학관,N,33.28951947,126.5888268
도원자동차공업사,N,33.29281723,126.5816869
블루핸즈(천지자동차),N,33.29381651,126.581768
제이앤비가족호텔,N,33.2607628,126.5926148
가산토방,N,33.287717,126.5775759
제주끄라비펜션,N,33.27947661,126.5913943
영천동주민센터,N,33.2687729,126.5866444
영천동주민센터,Y,33.2687729,126.5866444
서귀포교육지원청,Y,33.27069111,126.5891941
그랜드골프 연습장,N,33.2761141,126.5829043
대진유토피아입주자대표회의,N,33.34113266,126.8142057
돔그라미,N,33.33575554,126.8095979
크라운 골프클럽,N,33.3392901,126.802217
주)록 샤인빌파크 컨트리클럽,N,33.34519893,126.7882015
붉은오름 자연휴양림,N,33.40142958,126.6756716
블라제리조트,N,33.37901169,126.7469407
가시리 조랑말체험공원,Y,33.38309728,126.7362849
제주허브동산,N,33.32912371,126.8147248
빠담빠담게스트하우스,N,33.3296244,126.8181694
아망뜨휴양펜션,N,33.30579483,126.8063255
해양수산연구원,N,33.30766086,126.829507
해비치리조트,Y,33.32287175,126.8449556
제주민속촌박물관,N,33.32455966,126.8421344
표선해수욕장 주차장,Y,33.32477056,126.8435002
사이프러스 CC,N,33.41528575,126.7506286
제주조랑말타운,N,33.4091347,126.7705343
OK승마장,N,33.4027906,126.7831873
성읍랜드,Y,33.39830245,126.7871594
표선해양경비단,Y,33.3565925,126.8219062
패밀리아펜션,N,33.350581,126.823665
고금삼계탕,N,33.3426717,126.8260486
성읍2리마을회,N,33.41831164,126.7693061
성읍민속마을,Y,33.3841426,126.8018149
제주스카이휴양펜션,N,33.33549241,126.7982685
NH농협은행 제주수련원,Y,33.3255768,126.7999334
㈜대명레저제주 제주지점,N,33.30601115,126.7928945
성읍1리마을회,N,33.3899135,126.7977896
로만토피아,N,33.35151605,126.7673166
표선119센터,N,33.3271647,126.8277779
CU 제주표선남촌점,Y,33.31670479,126.8286174
표선농협,Y,33.3247771,126.8318709
선스토리,N,33.31615753,126.8373643
표선교회,N,33.32884101,126.8236831
표선의례회관 앞 공영주차장,Y,33.3225332,126.8228665
표선보건지소,N,33.3311424,126.8305483
표선면사무소,N,33.32648969,126.8315711
제주통나무휴양펜션,N,33.3510659,126.8237543
표선생활체육관,Y,33.35426414,126.8143923
허브펜션오즈,N,33.31857259,126.8336526
자인빌리지펜션,N,33.27478863,126.6095005
그랜드메르호텔,N,33.23964279,126.386119
하예1마을회,N,33.2434657,126.3860495
약천사,Y,33.2888115,126.4603899
서진아파트,N,33.25518757,126.4626577
소금막호스텔,N,33.25060801,126.6203433
브런치더썸,N,33.25261722,126.5373831
아우룸숲아파트 입대위,N,33.26177423,126.5551933
회수사거리,Y,33.2630754,126.4425071
효돈동주민센터,N,33.2633204,126.6155618
효돈동주민센터,Y,33.2633204,126.6155618
효돈축구공원,Y,33.2583809,126.6103678
어리목주차장,Y,33.39209457,126.4940914
어리목주차장,Y,33.39209457,126.4940914
도립미술관,Y,33.45254876,126.4896073
신비의사랑,N,33.4486163,126.4861617
제주예찬,N,33.45407711,126.4868825
천주교 제주교구 연동성당,N,33.4683435,126.4835152
네오플,N,33.47288083,126.4851536
넥슨박물관,Y,33.47211896,126.4857993
양지공원,Y,33.44049944,126.5789019
양지공원,Y,33.44049944,126.5789019
제주 경찰교육 센터,Y,33.44133564,126.5651753
삼양동주민센터,Y,33.45254797,126.5530085
도장애인종합복지관,Y,33.45254797,126.5530085
한라생태숲,Y,33.43070851,126.5941969
에덴빌라 2차 가동,N,33.5114486,126.5608642
끌림삼육오,N,33.4709885,126.3476676
일도2동주민센터,N,33.5116144,126.5382172
그린모텔,N,33.4985325,126.5166788
제주국제공항,Y,33.5069117,126.4933167
제주국제공항,Y,33.5069117,126.4933167
이노우에스시,N,33.4771542,126.491468
삼도2동주민센터,N,33.5117299,126.5222682
제주시청,Y,33.50021259,126.5322178
제주시청,Y,33.50021259,126.5322178
노형119센터,N,33.4810713,126.4722415
노형 미리내S클래스APT,N,33.48506456,126.4675606
한국지엠제주바로서비스,N,33.4903395,126.5372419
계롱길 벽돌가,N,33.5389257,126.8361085
동복리671,N,33.55606579,126.7203012
빨간풍차펜션,N,33.54861594,126.7423256
동부농업기술센터,N,33.5500699,126.750406
동부농업기술센터,Y,33.5500699,126.750406
김녕교회,N,33.55155591,126.7533304
구좌체육관,Y,33.5561992,126.7609155
동부보건소,N,33.5543773,126.7513422
동부보건소,Y,33.5543773,126.7513422
김녕리새마을회,N,33.55302148,126.7486399
김녕리대충동 새마을회,N,33.55166613,126.747188
환경성질환예방관리센터,Y,33.48558365,126.8104242
덕천리연수원,Y,33.48150806,126.7547255
덕천리 새마을회,N,33.5022289,126.7713566
소망요양원,Y,33.547576,126.731531
만장굴,Y,33.52788559,126.7693256
하도리새마을회,N,33.5186102,126.8824691
제주민속식품,N,33.42791624,126.7509753
비자림,Y,33.49170502,126.8112631
상도리 새마을회,N,33.5152904,126.865601
세화오일장인근주차장,Y,33.4895966,126.8316644
제주레일파크 주식회사,N,33.46431777,126.8366019
월정리새마을회,N,33.55596267,126.7946992
메이더호텔,N,33.55196262,126.7066562
㈜꼬뜨도르,N,33.55215949,126.7168459
김녕새마을회,N,33.5515538,126.7487905
용암해수산업화지원센터,Y,33.5425855,126.8121733
해녀박물관,Y,33.5425855,126.8121733
종달리새마을회,N,33.49260229,126.9005966
송당리사무소,Y,33.4713595,126.779182
동부농업기술센터 교육장,N,33.51094222,126.8426837
동제주종합사회복지관,Y,33.5230697,126.8487174
해바라기지역아동센터,N,33.5264879,126.8542789
준민박,N,33.52751683,126.8452244
디스이즈핫,N,33.5131782,126.8973861
욜로펜션,N,33.519366,126.888504
주식회사 로봇스퀘어,N,33.54000863,126.8308696
아모르하우스,N,33.50820085,126.9016163
솔,N,33.48598547,126.9017964
보롬코지펜션,N,33.55928796,126.7926625
신재생에너지홍보관,Y,33.55931794,126.8186501
행원리 새마을회,N,33.5525323,126.8059236
스마트그리드홍보관,Y,33.55709901,126.8131196
아라2차미다움,N,33.48333048,126.5525492
제주애덕의집,Y,33.49013392,126.5580751
자치경찰단아라청사,N,33.4850238,126.5441435
자치경찰단아라청사,Y,33.4850238,126.5441435
제주시농협 하나로마트,Y,33.50267889,126.553599
제주시교육지원청,N,33.49401128,126.5384278
생각할때,N,33.48888985,126.4826358
엘로이빌,N,33.49287963,126.4811994
비원모텔,N,33.50938487,126.5193651
재영윈저캐슬아파트,N,33.48583052,126.4840957
노형동주민센터,N,33.48306793,126.4771831
노형동주민센터,Y,33.48306793,126.4771831
노형삼다아파트 앞 공영주차장,Y,33.48612351,126.4774187
주식회사 노형호텔,N,33.48610844,126.4781203
엠버리조트 사합,N,33.42368942,126.4894569
롯데마트신제주점,Y,33.4824201,126.4818434
이마트신제주점,Y,33.4849511,126.4804897
이마트신제주점,N,33.4849511,126.4804897
펄리호텔,N,33.46431921,126.4547704
주식회사 프라미스,N,33.48941091,126.4422993
나이스호텔,N,33.48297388,126.4423707
제주공항 입구 공영주차장,Y,33.50367575,126.4957118
새순지역아동센터,N,33.49275734,126.4422391
개인택시조합,Y,33.4957048,126.4690661
태백산 제주 본점,N,33.49471726,126.4672045
제주상공회의소 뒤 공영주차장,Y,33.4904195,126.5201501
휴펠리스2차,N,33.48701582,126.5328956
도두동주민센터,N,33.5028684,126.4682368
도두동주민센터,Y,33.5028684,126.4682368
해변풍경 민박,N,33.5074016,126.4755946
뉴해안풍경,N,33.5088343,126.4747763
펄리플러스 호텔,N,33.50542917,126.4699672
셀스퀘어빌딩,Y,33.51558401,126.590567
주식회사 제이케이호텔,N,33.49217195,126.4905446
맥도날드 공항점,N,33.49506534,126.4925679
롯데하이마트 신제주점,Y,33.4865713,126.481169
LG베스트샵(제주본점),N,33.4877001,126.4829981
한국전기안전공사 제주지역본부,N,33.4879289,126.4833472
신광아파트,N,33.49077961,126.484372
도두하수처리장,N,33.50897783,126.4801829
동부경찰서,Y,33.50317947,126.5367089
문화예술진흥원,Y,33.50444317,126.5351739
문화예술진흥원,Y,33.50444317,126.5351739
문화예술진흥원,Y,33.50444317,126.5351739
제주시청 지하 열린정보실,N,33.50027862,126.5325144
화북119센터,N,33.5194139,126.5734952
건입동주민센터,N,33.5150116,126.5315988
건입동주민센터,Y,33.5150116,126.5315988
안세미가든,N,33.4718208,126.6112956
오젠정식,N,33.4674092,126.6105107
봉개명도암마을회,N,33.4616354,126.6070908
제주지방경찰청 제주한라경찰수련원,N,33.4549372,126.6197994
제주4.3평화공원,Y,33.45086927,126.6206776
제주4.3평화공원,Y,33.45086927,126.6206776
노루생태공원,Y,33.44432383,126.6266442
절물자연휴양림,Y,33.43797786,126.6259343
연동119센터,N,33.4884767,126.4971594
제주도의회,Y,33.49025848,126.4988756
제주도의회,Y,33.49025848,126.4988756
제주도청 2청사,N,33.48895056,126.5000625
제주도청 2청사,Y,33.48895056,126.5000625
제주도교육청,Y,33.49043153,126.4979708
제주도교육청,Y,33.49043153,126.4979708
제주도교육청,Y,33.49043153,126.4979708
제주도청 1청사,Y,33.48878189,126.4975929
제주도청 1청사,Y,33.48878189,126.4975929
이호동주민센터,N,33.49981324,126.4581461
이호동주민센터,Y,33.49981324,126.4581461
봉개동마을운영회,N,33.4929119,126.5913286
대한예수교장로회봉개교회,N,33.4879082,126.6015008
KBS사옥 주차장,N,33.48908456,126.5193482
금원앙상블9차자치위원회,N,33.49541098,126.5952942
봉개동공영주차장,Y,33.4914049,126.5949431
라헨느리조트,N,33.453247,126.6138743
사려니숲길 주차장,Y,33.4394527,126.6294642
봉개동주민센터,N,33.49166571,126.5947306
봉개동주민센터,Y,33.49166571,126.5947306
제주시 평생학습센터,Y,33.5140706,126.5471083
관음사휴게소,Y,33.42161484,126.5497566
관음사휴게소,Y,33.42161484,126.5497566
난지축산연구소,N,33.42753476,126.5482938
관음사가는길,N,33.43755402,126.5544232
제주의료원,Y,33.44489073,126.5608471
한국폴리텍대학 제주캠퍼스,Y,33.4474208,126.5614065
인재개발원,Y,33.4468976,126.5602566
인재개발원,Y,33.4468976,126.5602566
삼도1동 주민센터,N,33.50414427,126.5173858
탑동2공영주차장,Y,33.5182983,126.5198951
보건환경연구원,N,33.47993956,126.4950532
보건환경연구원,Y,33.47993956,126.4950532
㈜제이워드,N,33.49011415,126.4926527
제주올레호텔,N,33.4902781,126.491976
성진교회,N,33.50696448,126.5904964
봉개반석아르미,N,33.495738,126.5950043
한국교통안전공단 제주자동차검사소,Y,33.51436866,126.5894928
민속자연사박물관,N,33.50646727,126.53159
민속자연사박물관,Y,33.50646727,126.53159
삼양2동공영주차장,Y,33.51958636,126.5828031
천일각,N,33.49968395,126.5083861
티나모텔,N,33.5016303,126.5203594
제주종합경기장,N,33.49799717,126.5150461
제주종합경기장,Y,33.49799717,126.5150461
제주종합경기장,Y,33.49799717,126.5150461
리젠트마린호텔,N,33.51745201,126.5267819
호텔 휘슬락,N,33.51737905,126.5275099
무궁화모텔,N,33.51103652,126.5193899
LG베스트샵(제주삼도점),N,33.50991808,126.5201544
삼도1동청소년문화의집,N,33.5036928,126.5182971
썬비치리조트,N,33.50251798,126.4614056
항운노조새마을금고,N,33.5053914,126.4686244
아모렉스리조트,Y,33.5074916,126.4702754
아모렉스리조트,N,33.5074916,126.4702754
제주전기렌트카,Y,33.50038661,126.4572692
㈜흥학산업개발,N,33.50859761,126.4712953
마니주민박,N,33.5089545,126.4722988
씨엘블루호텔,N,33.51155843,126.4849936
엔알누리빌3차아파트 입대위,N,33.49839557,126.604888
곶자왈 숲 펜션,N,33.47209127,126.7094688
제주 웰컴센터,Y,33.48621787,126.4994025
설문대여성문화센터,N,33.48439696,126.5003727
설문대여성문화센터,Y,33.48439696,126.5003727
별빛누리공원,Y,33.4445748,126.5491863
농어촌공사 제주지역본부,Y,33.5225765,126.5872715
제주삼양유적지,Y,33.52350584,126.5879986
제주환경사무소,N,33.46136662,126.6299215
한라수목원,N,33.46936748,126.4928468
한라수목원,Y,33.46936748,126.4928468
제주도근로자종합복지관,Y,33.46969727,126.486231
제주시 공영버스 주차장,N,33.46853427,126.4832086
현광협(오크라),N,33.48910971,126.4860734
연동주민센터,N,33.4882923,126.4968774
코스모스 태홍누리안5차,N,33.48506097,126.4960263
코스모스 태홍누리안5차,N,33.48506097,126.4960263
조양개발,N,33.49330291,126.4972969
현대블루핸즈 연동점,N,33.4819314,126.5002893
제주도 소방안전본부,N,33.490553,126.4989429
세븐일레븐제주함덕게스트하우스점,N,33.540729,126.6782084
제주영상미디어센터,Y,33.505835,126.5341548
주식회사 제주인,N,33.49184301,126.4458303
㈜송원,N,33.4980299,126.5303915
아라지구 공영주차장,Y,33.4261379,126.5626925
탐라중학교공영주차장,Y,33.4763498,126.5450031
아라지구공영주차장,Y,33.4703785,126.5476976
현대블루핸즈 아라점,N,33.4770461,126.5546419
아라요양병원,N,33.45652881,126.5468743
제주대학교,Y,33.46720843,126.5452008
제주대학교 병원,Y,33.46720843,126.5452008
제주시 자연인,N,33.4687254,126.5399561
제주시각장애인복지관,Y,33.4710751,126.581262
우정골프연습장,N,33.4734215,126.5057242
제주 KCTV,Y,33.48133245,126.4961426
제주아라주원라비앙,N,33.4760063,126.5345771
㈜에스피오엘 제주지점(빌레리조트),N,33.47107602,126.3470077
주식회사 샐리스,N,33.4646612,126.341716
리치호텔,N,33.47208143,126.3489193
뉴오션리조트,N,33.46946368,126.3455825
충청북도학생해양수련원,N,33.45058009,126.3069496
선앤문,N,33.4500504,126.3083949
나인스파빌,N,33.4453944,126.4302304
어반네이처㈜,N,33.4346171,126.4325504
주식회사 우성기계공조,N,33.43508231,126.4346422
솔베이지펜션,N,33.4452565,126.4284762
해밀관광호스텔,N,33.44362708,126.4041
농업회사법인 주식회사 제주하늘관광농원,N,33.4464467,126.4249881
흰수염고래리조트,N,33.4748857,126.3800156
(재)대한예수교장로회금성교회,N,33.44618935,126.302726
대웅투민박,N,33.48136723,126.3833693
봉성리 종합복지회관,Y,33.42209163,126.3124995
보타리농장,Y,33.39906256,126.3251375
보타리본사,Y,33.4086372,126.3173876
올레리조트,N,33.47538717,126.3562705
수앤수 가족호텔,N,33.47454087,126.3585877
상가리사무소,Y,33.4496848,126.3456495
제주농업기술센터,N,33.45815235,126.4038544
제주농업기술센터,Y,33.45815235,126.4038544
소길리 새마을회,N,33.44049852,126.3801829
새마을금고제주연수원,Y,33.4134463,126.3938909
애월휴스토리,N,33.46583262,126.3924465
세븐일레븐 애월신엄,Y,33.4701674,126.363791
용흥리새마을회,N,33.45870854,126.3690389
제주조이랜드,N,33.45491421,126.3251781
바그다드하우스,N,33.45038741,126.3309611
애월농협,Y,33.46043237,126.3219044
대한 예수교 애월교회,N,33.46295054,126.3260455
㈜ 테마 (제주지점),N,33.4630443,126.3124885
현대캐피탈(가스공사제주기지건설단),N,33.4670191,126.3215884
농업회사법인 주식회사 다락,N,33.46957621,126.3409559
다인오세아노호텔,N,33.47252237,126.3504781
클럽다인리조트,Y,33.47144454,126.3512564
㈜루스톤,N,33.47192841,126.3527546
베니키아호텔제주,N,33.47726817,126.3629571
윈드힐 호텔&리조트,N,33.4776427,126.3628467
CU 제주씨앤블루점,Y,33.47786089,126.3653153
㈜유니,N,33.47946741,126.3734285
UFO민박,N,33.485503,126.381838
탐라스테이호텔제주,N,33.48692373,126.3912147
종이시계,N,33.4853375,126.3917939
서부경찰서,Y,33.47400369,126.4056436
하귀농협 장례식장,Y,33.47317853,126.4264598
9.81제주파크,Y,33.39145338,126.3557249
9.81제주파크,Y,33.39145338,126.3557249
농산물원종장,N,33.3755161,126.3285733
녹고뫼 안트레안내센터,Y,33.40595168,126.4079693
하소로지역아동센터,N,33.42265961,126.3966439
㈜오제이상사,N,33.429794,126.4088269
파스쿠찌유수암점,Y,33.42359058,126.4079787
한담누리게스트하우스,N,33.4592769,126.3123834
애월도서관,Y,33.4633212,126.3313092
애월체육관,N,33.46298979,126.3319658
애월119센터,N,33.4666589,126.3487619
애월119센터,Y,33.4666589,126.3487619
하귀농협 복지센터,Y,33.48130641,126.4003734
장전리 사무소,N,33.45061179,126.3891067
주식회사 레저가온 제주지점,N,33.4327667,126.3216551
애월스테이관광호텔,N,33.4779996,126.3716952
엘리시안C.C,N,33.37207808,126.3808964
경마공원,N,33.4087625,126.3955532
하가리사무소,N,33.4569424,126.3498802
헤리티지,N,33.44419031,126.4295414
오렌지슈가 주식회사,N,33.44115754,126.4287999
하귀1지구 공영주차장,Y,33.4845878,126.4177465
주식회사 제주막걸리,N,33.4898808,126.4213611
천주교 하귀성당,N,33.47848798,126.4037238
(재) 대한예수교장로회하귀교회,N,33.47892428,126.4074692
제주힐,N,33.43792401,126.3933982
한류㈜,N,33.41692531,126.3980984
국립환경과학원_제주대기오염측정소,N,33.34683851,126.3885261
달빛바다펜션,N,33.51749202,126.498456
기아오토큐외도점,N,33.4925149,126.4239306
마중물,N,33.47283562,126.489044
연동이화1차아파트,N,33.4909113,126.4848446
도원스카이타워빌,N,33.4911439,126.4872625
시리우스호텔,Y,33.49344684,126.4909571
엠버서더,N,33.489725,126.4878639
연동공영주차장(로얄호텔앞),N,33.4890445,126.4914711
하와이관광호텔,N,33.48313823,126.4914979
한국전력공사 제주지역본부,Y,33.48898395,126.5011899
제주도청 2청사 후문 공영주차장,Y,33.4881996,126.5001059
㈜제주테마조각공원,N,33.45211103,126.4884816
㈜다온디엔씨,N,33.48469849,126.4894091
㈜삼원더,N,33.48207848,126.4986903
정원파인즈13차,N,33.48263626,126.5028661
부민장례식장,Y,33.4803205,126.5218495
제스코마트,Y,33.48021778,126.5290803
오름빌리지,N,33.48629869,126.5115218
대원상록수12차 주민자치회,N,33.48732525,126.5130354
평원해모아빌,N,33.4828244,126.5111798
기아오토큐 오라동대리점,Y,33.49288223,126.5047358
한국충전㈜,Y,33.5011704,126.5402581
제주보건소,Y,33.49160165,126.5202864
제주학생문화원,Y,33.50009108,126.5411935
JIBS사옥 주차장,N,33.4938653,126.5024361
아이고운힐A,N,33.48757008,126.5038577
첨단과학단지 외부,N,33.4241658,126.5769732
추자도보건지소,N,33.9604004,126.2959568
글로벌투어,N,33.4806793,126.4650268
한라도서관,Y,33.4763664,126.5156272
한라도서관,Y,33.4763664,126.5156272
제주아트센터,N,33.4754636,126.5156482
도남e편한세상아파트1차,Y,33.49579182,126.5219928
프라임 산후조리원,N,33.48837855,126.517708
의료법인 연강의료재단,N,33.461219,126.5332448
한라산 리조트 주식회사,N,33.3616666,126.5291666
중앙교회,N,33.48780967,126.5170182
탐라교육원,Y,33.42711853,126.5322919
제주오라성,N,33.4596254,126.5118393
한국자동차 공업사,N,33.49560026,126.5107938
오라동주민센터,Y,33.4951336,126.511555
월드그린골프연습장,N,33.492273,126.5044484
김순선조산원,N,33.4761111,126.5141565
이도2동주민센터,N,33.497027,126.5352994
이도2동공영주차장,Y,33.49678952,126.5349264
제주교육박물관,N,33.49462598,126.5378951
해오름,N,33.49492052,126.4759669
오일시장일대공영주차장,Y,33.49724567,126.4748897
에스호텔 주식회사,N,33.495435,126.4714614
옹포썬빌리지 101동,N,33.40088819,126.2528981
옹포썬빌리지 102동,N,33.40088819,126.2528981
외도구획정리지구,Y,33.4899087,126.432638
외도1동 공영주차장,Y,33.4876623,126.429739
제주수산연구소,Y,33.4938538,126.4290032
형제자동차공업사(1급),Y,33.4916997,126.4236567
용담1동주민센터,N,33.5091014,126.5132793
용담1동주민센터,N,33.5091014,126.5132793
금자탑,N,33.5106545,126.5188802
꿈쟁이 지역아동센터,N,33.5072672,126.5068606
해호텔,N,33.51960662,126.495252
용담밭담,N,33.5011291,126.5099534
SK행복날개 주유소,Y,33.5050106,126.4975549
해성상사,N,33.50706999,126.5048143
영보맨션,N,33.51062726,126.5060683
우도면사무소,N,33.50655423,126.9535621
우도보건지소,N,33.50655423,126.9535621
오봉리새마을회,N,33.5162903,126.9516582
우도면 천진리,N,33.4948384,126.9515582
제주도농아복지관,Y,33.4848735,126.4256553
제주도농아복지관,Y,33.4848735,126.4256553
핀크스아파트,N,33.4905116,126.4319784
외도부영2차아파트,Y,33.48498216,126.433522
현대블루핸즈 외도점,N,33.4842129,126.4300838
뉴그린카공업사,N,33.47847401,126.4613221
조은이앤씨주식회사,N,33.48392834,126.5214425
세원멤버스 1차,N,33.4864363,126.4845441
노형부영1차아파트,Y,33.48041256,126.4855438
노형부영1차,Y,33.48041256,126.4855438
현대블루핸즈 노형북부점,Y,33.4854792,126.4654493
제주시농협 하나로유통센터,Y,33.48760616,126.4673557
제주춘강의원,Y,33.493696,126.5016713
의료법인 중앙의료재단 중앙병원,N,33.49232226,126.4704818
의료법인 중앙의료재단 중앙병원,N,33.49232226,126.4704818
태대산,N,33.50117174,126.5034532
녹고뫼영농조합법인,N,33.41313875,126.4185466
제이드림 주식회사,N,33.4894038,126.4915463
수목원테마파크,Y,33.47065036,126.4882806
삼성혈 인근 공영주차장,Y,33.5046445,126.5303835
베라체 공영주차장,Y,33.4969863,126.5353375
한국전력 제주전력지사,Y,33.498292,126.536771
주식회사 호텔샬롬,N,33.5019811,126.5325871
오드리인제주/㈜갤러리,N,33.5032633,126.4604535
에바다호스텔,N,33.49712977,126.447497
용인아파트,N,33.5058761,126.5394576
영락교회 인근 공영주차장,Y,33.5106341,126.5442435
국립제주박물관,Y,33.51329991,126.5486968
㈜ 뉴월드삼화점,N,33.5197394,126.5702775
구좌읍주민센터,Y,33.5225168,126.852032
구좌읍주민센터,Y,33.5225168,126.852032
제주대학교교육대학,Y,33.5145691,126.5530686
대신자동차매매상사,N,33.51539,126.5562375
롯데리아 제주외도 DT,Y,33.49322448,126.4307653
외도동주민센터,N,33.4929556,126.4321189
외도동주민센터,Y,33.4929556,126.4321189
주식회사 아라온제주,N,33.4948034,126.4580843
제주항여객터미널,Y,33.51953529,126.5350373
제주해양관리단,N,33.5192613,126.5374712
제주소방서 항만119센터,Y,33.52001548,126.5390432
제주해양경비안전서,Y,33.51998027,126.5402446
다이아나호텔,Y,33.51781026,126.5395457
제주양로원,Y,33.47383647,126.4482646
제주양로원,Y,33.47383647,126.4482646
LH제주지역본부,Y,33.5040866,126.5237993
재영샤르빌,N,33.48991644,126.4329045
탐라도서관,Y,33.47919835,126.4771977
노형맨션아파트,N,33.4830126,126.4733575
제주대학교,Y,33.4572368,126.5642957
동복리사무소,N,33.54818349,126.7068025
(주)메이풀하우스유스호스텔,N,33.50090123,126.6619135
토계정,N,33.4367741,126.6772425
교래리새마을회,N,33.43167415,126.6746686
성미가든,N,33.43758783,126.6770814
아름,N,33.4356103,126.6787796
청지목,N,33.4253355,126.6724688
제주승마장,N,33.4087482,126.635052
성판악휴게소,Y,33.4087482,126.635052
산굼부리,Y,33.4087482,126.635052
한국마사회제주육성목장,N,33.41709893,126.6809804
더갤러리,N,33.42210848,126.6754958
구구토종닭,N,33.42539833,126.6744212
제주돌문화공원,N,33.45136376,126.6567109
제주돌문화공원,Y,33.45136376,126.6567109
교래자연휴양림,Y,33.45136376,126.6567109
베스트힐 주차장,Y,33.45400628,126.6576599
㈜ 월드씨엔에스,N,33.51682635,126.6538305
GS25제주대흘점,Y,33.4977094,126.659133
대흘2리사무소,N,33.5141282,126.671282
에코랜드 테마파크,N,33.4605994,126.6705494
에코랜드 테마파크,N,33.4605994,126.6705494
람사르습지 주차장,Y,33.50969881,126.7156674
제주오름 승마랜드,N,33.4489847,126.7134479
제주동물위생시험소,Y,33.4758712,126.6383419
제주다온,N,33.51263744,126.69569
북촌 너븐숭이4.3 기념관,Y,33.54601504,126.6886562
사단법인 열방대학 선교훈련원,N,33.5344076,126.6342455
곶자왈,N,33.43503307,126.6751595
안다미로,N,33.4363054,126.6765742
다락,N,33.4369041,126.6770236
CU 제주교래점,Y,33.43626569,126.6790176
스노우빈,N,33.4322959,126.6793592
다희연,N,33.4867669,126.7068934
거문오름유스호스텔,N,33.4674748,126.7094326
주식회사 탐라신들의 고향,N,33.46302772,126.7092065
제주세계자연유산센터,Y,33.4569205,126.7147513
거문오름 주차장,Y,33.4569205,126.7147513
선흘2리 마을회,N,33.45941812,126.7032981
선흘리 낙선동4.3성,Y,33.51551857,126.694074
조천읍사무소,Y,33.53482361,126.6342946
조천읍사무소,Y,33.53482361,126.6342946
조천 항일기념관,N,33.54162499,126.6428272
조천 항일기념관,Y,33.54162499,126.6428272
라마다 제주함덕호텔 1차,N,33.54315159,126.6598643
신촌리 사무소,N,33.53317991,126.6201463
대명리조트,N,33.54102541,126.671133
어머니 영농조합법인,N,33.50895875,126.6330598
오션베스트빌구내,N,33.5530886,126.6447555
삼육구,N,33.47371142,126.6459979
제주필하우스,Y,33.5450968,126.6863809
북촌플레이스,N,33.54567464,126.6881018
북촌리 사무소,N,33.54798388,126.695816
마빈,N,33.5489689,126.6974922
조천농협 농산물산지유통센터,Y,33.53134077,126.62254
CU 제주동부관광점,Y,33.53463244,126.6428947
조천체육관,Y,33.53949966,126.6436671
조천체육관,Y,33.53949966,126.6436671
천주교제주교구 조천성당,N,33.53274468,126.6312626
제주와요,N,33.53301864,126.6385606
대한예수장로회 조천교회,N,33.53480515,126.6353657
CU 제주사리탑교차로점,Y,33.52784162,126.6330188
무거,N,33.54898062,126.6550677
아이미제주비치호텔,N,33.54328389,126.6634153
상하수도본부,Y,33.4999061,126.6503584
상하수도본부,Y,33.4999061,126.6503584
함덕태영주택,N,33.53314715,126.6744992
함덕진우파크빌,N,33.5328397,126.6741482
행운식품,Y,33.5368718,126.6697493
함덕농협 하나로마트,Y,33.53677397,126.674043
달빛빌리지 관광농원,N,33.49498964,126.6792832
풍경채대촌미락,N,33.5428119,126.6644722
말이랑흑도새기랑,N,33.4500815,126.4860757
제주스카이라인휴양펜션,N,33.44141416,126.4831887
고용센터,Y,33.50438005,126.5270726
해변공연장,Y,33.518116,126.5239537
제주벤처마루,Y,33.5003147,126.5300349
제주라마다시티,N,33.49350536,126.5342984
제주소방서,N,33.49088876,126.5366274
아라동주민센터,Y,33.4763055,126.5449898
이도1동주민센터,N,33.50686711,126.5267233
이도1동주민센터,Y,33.50686711,126.5267233
일도1동주민센터,N,33.5150703,126.5263773
삼양동주민센터,Y,33.5218396,126.5855868
정원파인즈14차,N,33.47459064,126.4800613
화북동주민센터,N,33.520225,126.5654876
화북동주민센터,Y,33.520225,126.5654876
가연이네주말농장민박식당,N,33.49261069,126.6014365
일도삼주아파트,Y,33.5039515,126.5426023
신천지아파트,Y,33.50447886,126.5447864
첨단과학단지(스마트빌딩),Y,33.45396077,126.5784926
첨단과학기술단지,N,33.4537553,126.5725003
첨단과학단지(엘리트빌딩),Y,33.4529415,126.572552
제주특별자치도관광협회,N,33.4523832,126.5727653
㈜카카오,N,33.45244878,126.5708564
㈜카카오,N,33.45244878,126.5708564
제주테크노파크방송통신융합센터,Y,33.45114657,126.5718249
카카오 본사,N,33.45068035,126.5704935
첨단과학단지(세미앙빌딩),Y,33.44233843,126.5714509
제주정부종합청사,Y,33.49086649,126.5250586
현대자동차 화북점,N,33.5180595,126.5645502
추자면사무소,N,33.96370145,126.2960688
추자면사무소,Y,33.96370145,126.2960688
축산진흥원,Y,33.4414666,126.4871027
이마트제주점,N,33.5179985,126.5211776
이마트제주점,Y,33.5179985,126.5211776
오리엔탈호텔,N,33.51758741,126.5197977
라마다호텔,N,33.51880713,126.5181376
라마다호텔,N,33.51880713,126.5181376
이레순복음교회,N,33.4995272,126.5491428
메모리모텔,N,33.5003379,126.5189674
해양경비안전센터(고산출장소),Y,33.3081601,126.1640951
유리의성,Y,33.31463496,126.2736641
숯불애,N,33.31707768,126.2701731
두모리마을회,N,33.35748203,126.1830528
한경면사무소,Y,33.35011034,126.1841057
한경도서관 앞 주차장,Y,33.3498289,126.1845735
한경농협,Y,33.3465629,126.1906186
한경농협,Y,33.3465629,126.1906186
알프스보석궁전테마파크,N,33.29076634,126.2485647
라온레저개발㈜,N,33.34462019,126.2782452
한경119센터,Y,33.3426894,126.1828515
GS25 너울빌리지점,Y,33.36274266,126.1933741
제주현대미술관,Y,33.33969225,126.2656922
생각하는정원,Y,33.325988,126.2552095
GS25제주한경점,Y,33.33126844,126.2561179
천주교 제주교구 청수성당,N,33.3227757,126.2459059
사단법인 웃뜨르운영협의회,N,33.30227234,126.2590312
청수지역아동센터,N,33.3207857,126.2438312
기독교대한성결교회 청수교회,N,33.3207848,126.248028
한경체육관,Y,33.30119618,126.1845554
한경체육관,Y,33.30119618,126.1845554
주식회사 비체올린,N,33.34944607,126.218192
제주또올레,N,33.3608375,126.2013077
판포리 마을회,N,33.36265062,126.203135
제주서부하수처리장,N,33.370031,126.2062628
바사팬스파,N,33.34016415,126.1683612
바다목장,Y,33.34607951,126.1793437
조수일리마을회,N,33.3372366,126.2284274
노형골프클럽,N,33.47607686,126.482742
서부보건소,N,33.4123118,126.2696764
제주뮤지엄컴플렉스,N,33.34808488,126.3575227
귀덕2리새마을회,N,33.44182177,126.2793725
제주 에코그린리조트,Y,33.43528832,126.2914788
해성아파트,N,33.44064548,126.2917837
라온프라이빗타운,N,33.37967782,126.2396078
한림공원 인근 공영주차장,Y,33.3910691,126.2372035
한국 천주교 엠마오 연수원,N,33.34140995,126.3216811
세븐일레븐제주한림일주점,Y,33.4017735,126.2674064
한림코아루아파트입주자대표회의,N,33.4078905,126.2647663
한림정낭장례식장,N,33.4127644,126.2720403
명월리 마을회,N,33.3869787,126.2666446
포에마,N,33.39173017,126.2647261
스웨덴호스텔,N,33.39066857,126.2602554
성이시돌피정의집,N,33.345324,126.3214098
오리지날로맨스,N,33.40083743,126.2504607
한국수산자원관리공단 제주본부,N,33.40687944,126.2524813
김창열미술관,Y,33.33907149,126.2686706
옹포리 새마을회,N,33.40356716,126.2558273
옹포리 새마을회,N,33.40356716,126.2558273
월령리 사무소,N,33.3759326,126.2154965
푸르다오션 민박,N,33.37930646,126.216429
라온랜드 주식회사,N,33.3555222,126.2415067
서부농업기술센터,N,33.35373448,126.2486386
서부농업기술센터,Y,33.35373448,126.2486386
제주발리리조트,N,33.3893018,126.2497249
현대블루핸즈 한림점,Y,33.4358428,126.2777744
상대리 마을회,N,33.40718792,126.2934313
한림2리새마을회,N,33.4114546,126.2685905
일성레저산업 제주지점,N,33.38572266,126.2210916
대한 예수교 한림교회,N,33.4159308,126.2670805
팡,N,33.40198035,126.2510098
메리엘 오션 아파트,N,33.4122594,126.2601842
한수리새마을회,N,33.4208672,126.2637948
한사랑지역아동센터,N,33.41661429,126.273935
한림읍사무소,N,33.41041797,126.2671058
한림읍사무소,Y,33.41041797,126.2671058
마마스민박,N,33.40084439,126.2534101
서부소방서,N,33.40252431,126.2702764
서부소방서,Y,33.40252431,126.2702764
동명새마을회,N,33.40914955,126.265448
한림체육관,N,33.40969076,126.2685438
한림체육관,Y,33.40969076,126.2685438
한림체육관,Y,33.40969076,126.2685438
이랜드파크켄싱턴리조트제주한림점,N,33.4357632,126.2744373
대림리 새마을회,N,33.4223937,126.2812876
한림성당,N,33.41761199,126.2657815
수원종합씽크,N,33.4205758,126.2723143
블랙스톤리조트,N,33.33776695,126.3124298
카이리조트,N,33.39211912,126.2412708
제주금강산콘도 미봉,N,33.38002763,126.2502022
하모니리조트,N,33.37936069,126.2521108
바다그리기,N,33.399358,126.2499829
마린뷰펜션,N,33.3984183,126.2445853
한림공원,Y,33.38978783,126.2404226
라온프라이빗타운,N,33.3807358,126.2482491
아덴힐cc,N,33.3475337,126.3688924
제주스위스마을,N,33.49394448,126.6767733
아트리움공연장,Y,33.4649309,126.4551667
제주나인리조트,N,33.46486138,126.4534073
해군호텔,Y,33.45898364,126.4486684
레드윌호스텔,N,33.4969752,126.4486686
세진자동차공업사,N,33.5169069,126.5629506
제주오토갤러리,N,33.5172474,126.5624969
화북2동 공영주차장,Y,33.5083458,126.5612841
기아오토큐 화북대리점,Y,33.5117859,126.5492751
애니카랜드삼화점(한일자동차),N,33.518013,126.5726281
NHF제주삼화1단지,N,33.51767969,126.5820588
삼화 NHF아파트 1차,N,33.51767969,126.5820588
황사평갤럭시타운자치운영회,N,33.49373035,126.5593309
태윤탁구클럽,N,33.49702049,126.5556825
용담2동주민센터,Y,33.5115829,126.5116815
동부휴게소,N,33.45731661,126.7037176
동백동산,N,33.51614986,126.7060581
주식회사 캔디원,N,33.47129381,126.7077502
우선종합주식회사,N,33.5361516,126.662599
블루하와이리조트,N,33.38140103,126.2180308
